Duplicate;Nucleus;Z;A;Ex [keV];T1/2;J;parity;m;error;Technique;Citation;N
1;9Li;3;9;0;178.3 ms;1.5;-;3.434;0.005;CFBLS/b-NMR;1988AR17;6
1;11Li;3;11;0;8.75 ms;1.5;-;3.668;0.003;CFBLS/b-NMR;1987AR22;8
1;7Be;4;7;0;53.2 d;1.5;-;-1.39928;0.00002;CFBLS;2008Ok01;3
1;17Ne;10;17;0;109 ms;0.5;-;0.7873;0.0014;CFBLS;2005GE06;7
1;19Ne;10;19;0;17.3 s ;0.5;+;-1.8846;0.0008;CFBLS;2005GE06;9
1;23Ne;10;23;0;37.24 s;2.5;+;-1.077;0.004;CFBLS;2005GE06;13
1;25Ne;10;25;0;0.6 s;0.5;+;-1.0062;0.0005;CFBLS;2005GE06;15
1;26Na;11;26;0;1.07 s;3;+;2.851;0.002;ABLS;1978HU12;15
1;27Na;11;27;0;0.29 s;2.5;+;3.895;0.005;ABLS;1978HU12;16
1;28Na;11;28;0;30.5 ms;1;+;2.426;0.005;ABLS;1978HU12;17
1;29Na;11;29;0;44.9 ms;1.5;+;2.449;0.008;ABLS;1978HU12;18
1;30Na;11;30;0;48 ms;2;+;2.083;0.01;ABLS;1978HU12;19
1;31Na;11;31;0;17 ms;1.5;+;2.283;0.038;ABLS;1978HU12;20
1;21Mg;12;21;0;122 ms;2.5;+;-0.983;0.007;CFBLS;2009KR05;9
1;27Mg;12;27;0;9.46 m;0.5;+;-0.4107;0.0015;CLS;2008KO05;15
1;29Mg;12;29;0;1.3 s;1.5;+;0.978;0.0006;CLS;2008KO05;17
1;31Mg;12;31;0;236 ms;0.5;+;-0.88355;0.00015;CLS;2008KO05;19
1;26Al;13;26;0;7.17 * 10^5 y;5;+;2.804;0.004;ABLS;1996CO04;13
1;33Ar;18;33;0;0.174 s;0.5;+;-0.723;0.006;CFBLS/b-NMR;1996KL04;15
1;35Ar;18;35;0;1.78 s;1.5;+;0.633;0.007;CFBLS/b-NMR;1996KL04;17
1;39Ar;18;39;0;269 y;3.5;-;-1.588;0.015;CFBLS/b-NMR;1996KL04;21
1;41Ar;18;41;0;1.82 h;3.5;-;-1.309;0.008;CFBLS;2008BL01;23
1;43Ar;18;43;0;5.37 m;2.5;-;-1.021;0.006;CFBLS;2008BL01;25
1;39K;19;39;0;Stable;1.5;+;0.39147;0.00003;ABLS;1993DU08;20
2;39K;19;39;0;Stable;1.5;+;0.3917;0.0012;CLS;2013PA11;20
1;46K;19;46;0;115 s;2;-;-1.051;0.006;ABLS;1982TO02;27
1;47K;19;47;0;17.5 s;0.5;+;1.933;0.009;ABLS;1982TO02;28
2;47K;19;47;0;17.5 s;0.5;+;1.9292;0.0001;CLS;2013PA11;28
1;49K;19;49;0;1.26 s;0.5;+;1.3386;0.0008;CLS;2013PA11;30
1;51K;19;51;0;365 ms;1.5;+;0.513;0.0022;CLS;2013PA11;32
1;41Ca;20;41;0;9.94 10^4 y ;3.5;-;-1.5942;0.0007;ABLDF;1983AR25;21
2;41Ca;20;41;0;9.94 10^4 y ;3.5;-;-1.606;0.02;ABLFS;1982AN15;21
1;45Ca;20;45;0;162.61 d;3.5;-;-1.3264;0.0013;BBCLS;2015RU02;25
2;45Ca;20;45;0;162.61 d;3.5;-;-1.316;0.016;ABLFS;1982AN15;25
1;47Ca;20;47;0;4.5 d;3.5;-;-1.4064;0.0011;BBCLS;2015RU02;27
2;47Ca;20;47;0;4.5 d;3.5;-;-1.38;0.03;ABLFS;1982AN15;27
1;47Ca;20;47;0;4.5 d;3.5;-;1.3799;0.008;BBCLS;2015RU02;27
2;49Ca;20;49;0;8.718 m;1.5;-;-1.38;0.06;CFBLS;1993VEZY;29
1;51Ca;20;51;0;10 s;1.5;-;-1.0496;0.0011;BBCLS;2015RU02;31
1;43Sc;21;43;0;3.89 h;3.5;-;4.528;0.01;CLS;2011AV01;22
1;44Sc;21;44;0;3.97 h;2;+;2.499;0.005;CLS;2011AV01;23
1;44Sc;21;44;271;58.61 h;6;+;3.833;0.012;CLS;2011AV01;23
1;45Sc;21;45;12.4;318 ms;1.5;+;0.36;0.011;CLS;2011AV01;24
1;46Sc;21;46;0;83.81 d;4;+;3.042;0.008;CLS;2011AV01;25
1;50Mn;25;50;229;1.75 m;5;+;2.76;0.01;TLS;2010CH15;25
1;51Mn;25;51;0;stable;2.5;-;3.577;0.004;BBCLS;2015BA49;26
1;53Mn;25;53;0;3.74?10^6 y;3.5;-;5.024;0.004;BBCLS;2015BA49;28
2;53Mn;25;53;0;3.74?10^6 y;3.5;-;5.035;0.001;TLS;2010CH15;28
1;54Mn;25;54;0;312 d;3;+;3.299;0.003;BBCLS;2015HE12;29
2;54Mn;25;54;0;312 d;3;+;3.306;0.001;TLS;2010CH15;29
1;56Mn;25;56;0;2.58 h;3;+;3.242;0.002;BBCLS;2015HE12;31
1;57Mn;25;57;0;85.4 s;2.5;-;3.483;0.002;BBCLS;2015BA49;32
1;58Mn;25;58;0;3 s;1;+;2.624;0.002;BBCLS;2015HE12;33
1;58Mn;25;58;72;65.4 s;4;+;3.064;0.002;BBCLS;2015HE12;33
1;59Mn;25;59;0;2.58 h;2.5;-;3.493;0.002;BBCLS;2015BA49;34
1;60Mn;25;60;0;0.28 s;1;+;2.489;0.007;BBCLS;2015HE28;35
1;60Mn;25;60;271;1.77 s;4;+;3.402;0.002;BBCLS;2015HE28;35
1;61Mn;25;61;0;0.67 s;2.5;-;3.534;0.001;BBCLS;2015BA49;36
1;62Mn;25;62;0;92 ms;1;+;2.385;0.007;BBCLS;2015HE28;37
1;62Mn;25;62;0;671 ms;4;+;3.172;0.003;BBCLS;2015HE28;37
1;63Mn;25;63;0;275 ms;2.5;-;3.435;0.004;BBCLS;2015BA49;38
1;64Mn;25;64;0;90 ms;3;+;2.086;0.003;BBCLS;2015HE28;39
1;58Cu;29;58;0;3.2 s;1;+;0.57;0.002;CLS;2011VI03;29
1;59Cu;29;59;0;81.5 s;1.5;-;1.891;0.0009;CLS;2011VI03;30
1;60Cu;29;60;0;23.4 m;2;+;1.2186;0.0005;CLS;2011VI03;31
1;61Cu;29;61;0;3.41 h;1.5;-;2.1083;0.0005;CLS;2011VI03;32
2;61Cu;29;61;0;3.41 h;1.5;-;2.1089;0.0011;CLS;2010VI07;32
1;62Cu;29;62;0;9.73 m;1;+;-0.3796;0.0004;CLS;2011VI03;33
2;62Cu;29;62;0;9.73 m;1;+;?0.3809;0.0012;CLS;2010VI07;33
1;63Cu;29;63;0;stable;1.5;-;2.2236;0.0004;CLS;2010VI07;34
1;64Cu;29;64;0;12.7 h;1;+;-0.2164;0.0004;CLS;2010VI07;35
1;66Cu;29;66;0;5.1 m;1;+;-0.2823;0.0008;CLS;2010VI07;37
1;67Cu;29;67;0;61.83 h;1.5;-;2.5142;0.0006;CLS;2010VI07;38
1;68Cu;29;68;0;31.1 s;1;+;2.3933;0.0006;CLS;2010VI07;39
2;68Cu;29;68;0;31.1 s;1;+;2.55;0.21;LRIS;2004GH13;39
1;68Cu;29;68;722;3.75 m;6;-;1.1548;0.0006;CLS;2010VI07;39
2;68Cu;29;68;722;3.75 m;6;-;1.26;0.55;LRIS;2004GH13;39
1;69Cu;29;69;0;2.85 m;1.5;-;2.8383;0.001;CLS;2010VI07;40
1;70Cu;29;70;0;44.5 s;6;-;1.3666;0.0005;CLS;2010VI07;41
2;70Cu;29;70;0;44.5 s;6;-;1.58;0.58;LRIS;2004GH13;41
1;70Cu;29;70;101;33 s;3;-;-3.3641;0.0015;CLS;2010VI07;41
2;70Cu;29;70;101;33 s;3;-;-3.54;0.35;LRIS;2004GH13;41
1;70Cu;29;70;243;6.6 s;1;+;1.7779;0.0015;CLS;2010VI07;41
2;70Cu;29;70;243;6.6 s;1;+;1.89;0.15;LRIS;2004GH13;41
1;71Cu;29;71;0;19.4 s;1.5;-;2.2747;0.0008;CLS;2010VI07;42
1;72Cu;29;72;0;6.63 s;2;-;-1.3472;0.001;CLS;2010VI07;43
1;73Cu;29;73;0;4.2 s;1.5;-;1.7426;0.0008;CLS;2010VI07;44
1;74Cu;29;74;0;1.6 s;2;-;-1.068;0.003;CLS;2010VI07;45
1;75Cu;29;75;0;1.22 s;2.5;-;1.0062;0.0013;CLS;2010VI07;46
1;79Zn;30;79;0;0.746 s;4.5;+;-1.1866;0.001;CLS;2016YA02;49
1;79Zn;30;79;1100;200 ms;0.5;+;-1.018;0.0012;CLS;2016YA02;49
1;63Ga;31;63;0;32.4 s;1.5;-;1.469;0.005;CLS;2012PR11;32
1;63Ga;31;63;75;25 ns;2.5;-;1.652;0.006;CLS;2012PR11;32
1;67Ga;31;67;0;78.3 h;1.5;-;1.848;0.005;CLS;2010CH16;36
1;69Ga;31;69;0;stable;1.5;-;2.018;0.004;CLS;2010CH16;38
1;70Ga;31;70;0;21.1 m;1;+;0.571;0.002;CLS;2012PR11;39
1;72Ga;31;72;0;14.1 h;3;-;-0.134;0.004;LRS;2011MA45;41
1;73Ga;31;73;0;4.86 h;1.5;-;0.209;0.002;CLS;2010CH16;42
1;74Ga;31;74;0;8.12 m;3;-;0;0.075;LRS;2011MA45;43
1;75Ga;31;75;0;126 s;1.5;-;1.836;0.004;CLS;2010CH16;44
1;76Ga;31;76;0;32.6 s;2;+;-0.946;0.004;LRS;2011MA45;45
1;77Ga;31;77;0;13.2 s;1.5;-;2.02;0.003;CLS;2010CH16;46
1;78Ga;31;78;0;5.1 s;2;+;-1.215;0.005;LRS;2011MA45;47
1;79Ga;31;79;0;2.85 s;1.5;-;1.047;0.003;CLS;2010CH16;48
1;80Ga;31;80;0;1.9 s;6;-;0.036;0.004;CLS;2010CH50;49
1;80Ga;31;80;22.4;1.3 s;3;-;-1.425;0.005;CLS;2010CH50;49
1;81Ga;31;81;0;1.22 s;2.5;-;1.747;0.005;CLS;2010CH16;50
1;75Kr;36;75;0;4.3 m;2.5;+;-0.531;0.004;CFBLS;1995KE04;39
1;77Kr;36;77;0;74.4 m;2.5;+;-0.583;0.003;CFBLS;1995KE04;41
1;79Kr;36;79;0;35.04 h;0.5;-;0.536;0.002;CFBLS;1995KE04;43
1;79Kr;36;79;130;50 s;3.5;+;-0.786;0.002;CFBLS;1995KE04;43
1;81Kr;36;81;0;2.29?10^5 y;3.5;+;0.908;0.002;CFBLS;1995KE04;45
1;81Kr;36;81;191;13.1 s;0.5;-;0.586;0.002;CFBLS;1995KE04;45
1;83Kr;36;83;0;stable;4.5;+;0.970669;0.000003;CFBLS;1995KE04;47
1;83Kr;36;83;42;1.83 h;0.5;-;0.591;0.002;CFBLS;1995KE04;47
1;85Kr;36;85;0;10.76 y;4.5;+;-1.005;0.002;CFBLS;1995KE04;49
1;85Kr;36;85;305;4.48 h;0.5;-;0.633;0.002;CFBLS;1995KE04;49
1;87Kr;36;87;0;76.3 m;2.5;+;-1.023;0.002;CFBLS;1995KE04;51
1;89Kr;36;89;0;3.15 m;1.5;+;-0.33;0.003;CFBLS;1995KE04;53
1;91Kr;36;91;0;8.57 s;2.5;+;-0.583;0.002;CFBLS;1995KE04;55
1;93Kr;36;93;0;1.286 s;0.5;+;-0.413;0.002;CFBLS;1995KE04;57
1;95Kr;36;95;0;0.78 s;0.5;+;-0.41;0.003;CFBLS;1995KE04;59
1;76Rb;37;76;0;39 s;1;-;-0.372623;0.0000014;ABLS;1986DU16;39
2;76Rb;37;76;0;39 s;1;-;-0.376;0.009;ABLS;1981TH04;39
1;77Rb;37;77;0;3.8 m;1.5;-;0.654468;0.0000016;ABLS;1986DU16;40
2;77Rb;37;77;0;3.8 m;1.5;-;0.6568;0.0041;ABLS;1981TH04;40
1;78Rb;37;78;103;6.3 m;4;-;2.5485;0.0021;ABLS;1981TH04;41
1;79Rb;37;79;0;23 m;2.5;+;3.3579;0.0012;ABLS;1981TH04;42
1;80Rb;37;80;0;33.4 s;1;+;-0.0833;0.0017;ABLS;1981TH04;43
1;81Rb;37;81;0;4.58 h;1.5;-;2.0595;0.0014;ABLS;1981TH04;44
1;81Rb;37;81;86;30.5 m;4.5;+;5.598;0.0017;ABLS;1981TH04;44
1;82Rb;37;82;0;1.25 m;1;+;0.554508;0.0000011;ABLS;1986DU16;45
2;82Rb;37;82;0;1.25 m;1;+;0.5536;0.0054;ABLS;1981TH04;45
1;82Rb;37;82;69;6.472 h;5;-;1.5133;0.0024;ABLS;1981TH04;45
1;83Rb;37;83;0;86.2 d;2.5;-;1.4249;0.0008;ABLS;1981TH04;46
1;84Rb;37;84;0;33 d;2;-;-1.3246;0.0016;ABLS;1981TH04;47
1;84Rb;37;84;464;20.26 m;6;-;0.22;0.015;ABLS;1981TH04;47
1;85Rb;37;85;0;stable ;2.5;-;1.35298;0.0001;ABLS;1993DU08;48
2;85Rb;37;85;0;stable ;2.5;-;1.357;0.001;ABLS;1981TH04;48
1;86Rb;37;86;0;18.65 d;2;-;-1.6977;0.0016;ABLS;1981TH04;49
1;86Rb;37;86;556;1.017 m;6;-;1.815;0.001;ABLS;1981TH04;49
1;87Rb;37;87;0;4.9 10^10 y;1.5;-;2.75131;0.00012;ABLS;1993DU08;50
2;87Rb;37;87;0;4.9 10^10 y;1.5;-;2.7506;0.001;ABLS;1981TH04;50
1;88Rb;37;88;0;17.7 m;2;-;0.5117;0.0026;ABLS;1981TH04;51
1;89Rb;37;89;0;15.2 m;1.5;-;2.3836;0.0007;ABLS;1981TH04;52
2;89Rb;37;89;0;15.2 m;1.5;-;2.377;0.005;CFBLS;1979KL03;52
1;90Rb;37;90;107;4.26 m;3;-;1.61598;0.00064;ABLS;1981TH04;53
1;91Rb;37;91;0;58 s;1.5;-;2.1815;0.0015;ABLS;1981TH04;54
2;91Rb;37;91;0;58 s;1.5;-;2.177;0.005;CFBLS;1979KL03;54
1;93Rb;37;93;0;5.85 s;2.5;-;1.4095;0.0016;ABLS;1981TH04;56
2;93Rb;37;93;0;5.85 s;2.5;-;1.4;0.006;CFBLS;1979KL03;56
1;94Rb;37;94;0;2.73 s;3;-;1.4984;0.0016;ABLS;1981TH04;57
1;95Rb;37;95;0;0.38 s;2.5;-;1.3336;0.0034;ABLS;1981TH04;58
1;96Rb;37;96;0;0.20 s;2;+;1.4658;0.0017;ABLS;1981TH04;59
1;97Rb;37;97;0;0.17 s;1.5;-;1.841;0.0021;ABLS;1981TH04;60
1;77Sr;38;77;0;9 s;2.5;+;-0.348;0.004;CFBLS;1992LI11;39
1;79Sr;38;79;0;2.25 m;1.5;-;0.474;0.004;CFBLS;1990BU12;41
1;81Sr;38;81;0;22.3 m;0.5;-;0.543;0.004;CFBLS;1990BU12;43
2;81Sr;38;81;0;22.3 m;0.5;-;0.541;0.005;ABLFS;1987AN02;43
1;83Sr;38;83;0;32.4 h;3.5;+;-0.829;0.002;CFBLS;1990BU12;45
2;83Sr;38;83;0;32.4 h;3.5;+;-0.8298;0.0007;ABLFS;1987AN02;45
1;83Sr;38;83;259;4.95 s;0.5;-;0.581;0.004;CFBLS;1990BU12;45
1;85Sr;38;85;0;64.8 d;4.5;+;-1;0.002;CFBLS;1990BU12;47
2;85Sr;38;85;0;64.8 d;4.5;+;-0.9994;0.0007;ABLFS;1987AN02;47
1;85Sr;38;85;239;67.63 m;0.5;-;0.6;0.004;CFBLS;1990BU12;47
2;85Sr;38;85;239;67.63 m;0.5;-;0.599;0.002;ABLFS;1987AN02;47
1;87Sr;38;87;388;2.8 h;0.5;-;0.624;0.004;CFBLS;1990BU12;49
2;87Sr;38;87;388;2.8 h;0.5;-;0.788;0.009;ABLFS;1987AN02;49
1;89Sr;38;89;0;50.5 d;2.5;+;-1.147;0.002;CFBLS;1990BU12;51
2;89Sr;38;89;0;50.5 d;2.5;+;-1.147;0.002;ABLFS;1987AN02;51
1;91Sr;38;91;0;9.5 h;2.5;+;-0.885;0.002;CFBLS;1990BU12;53
1;93Sr;38;93;0;7.4 m;2.5;+;-0.793;0.002;CFBLS;1990BU12;55
1;95Sr;38;95;0;10.3 m;0.5;-;-0.537;0.002;CFBLS;1990BU12;57
1;97Sr;38;97;0;0.4 s;0.5;-;-0.498;0.002;CFBLS;1990BU12;59
1;99Sr;38;99;0;0.269 s;1.5;+;-0.261;0.005;CFBLS;1991LI05;61
1;87Y;39;87;0;79.8 h;0.5;-;-0.19;0.02;CLS;2007CH07;48
1;87Y;39;87;381;13.4 h;4.5;+;6.24;0.02;CLS;2007CH07;48
1;88Y;39;88;0;106.6 d;4;-;-0.42;0.01;CLS;2007CH07;49
1;88Y;39;88;674;14 ms;8;+;4.88;0.03;CLS;2007CH07;49
1;89Y;39;89;909;16.1 s;4.5;+;6.37;0.04;CLS;2007CH07;50
1;90Y;39;90;0;64 h;2;-;-1.64;0.01;CLS;2007CH07;51
1;90Y;39;90;682;3.19 h;7;+;5.28;0.03;CLS;2007CH07;51
1;92Y;39;92;0;3.54 h;2;-;-0.67;0.02;CLS;2007CH07;53
1;93Y;39;93;0;10.2 h;0.5;-;-0.12;0.03;CLS;2007CH07;54
1;93Y;39;93;759;0.2 s;4.5;+;6.04;0.03;CLS;2007CH07;54
1;94Y;39;94;0;18.7 m;2;-;-0.24;0.02;CLS;2007CH07;55
1;95Y;39;95;0;10.3 m;0.5;-;-0.16;0.03;CLS;2007CH07;56
1;96Y;39;96;1140;9.6 s;8;+;6.57;0.03;CLS;2007CH07;57
1;97Y;39;97;0;3.75 s;0.5;-;-0.12;0.01;CLS;2007CH07;58
1;97Y;39;97;668;1.17 s;4.5;+;5.88;0.02;CLS;2007CH07;58
1;97Y;39;97;3523;142 ms;13.5;-;5.64;0.03;CLS;2007CH07;58
1;98Y;39;98;410;2 s;4;;2.98;0.02;CLS;2007CH07;59
1;99Y;39;99;0;1.47 s;2.5;+;3.18;0.02;CLS;2007CH07;60
1;101Y;39;101;0;0.45 s;2.5;+;3.22;0.02;CLS;2007CH07;62
1;102Y;39;102;0;0.3 s;2;;2.34;0.05;CLS;2007CH07;63
1;87Zr;40;87;0;1.68 h;4.5;+;-0.895;0.005;CLS;2003TH03;47
1;87Zr;40;87;336;14 s;0.5;-;0.642;0.014;CLS;2003TH03;47
1;89Zr;40;89;0;78.4 h;4.5;+;-1.046;0.006;CLS;2003TH03;49
1;89Zr;40;89;588;4.1 m;0.5;-;0.795;0.015;CLS;2003TH03;49
1;97Zr;40;97;0;16.8 h;0.5;+;-0.937;0.005;CLS;2003TH03;57
1;99Zr;40;99;0;2.2 s;0.5;+;-0.93;0.004;CLS;2003TH03;59
1;101Zr;40;101;0;2.4 s;1.5;+;-0.272;0.008;CLS;2003TH03;61
1;90Nb;41;90;0;14.6 h;8;+;4.952;0.004;CLS;2009CH25;49
1;90Nb;41;90;125;18.81 s;4;-;-0.018;0.009;CLS;2009CH25;49
1;91Nb;41;91;0;680 y;4.5;+;6.521;0.002;CLS;2009CH25;50
1;91Nb;41;91;104;61 d;0.5;-;-0.101;0.002;CLS;2009CH25;50
1;92Nb;41;92;0;3.47E+07;7;+;5.136;0.004;CLS;2009CH25;51
1;93Nb;41;93;0;stable;4.5;+;6.1705;0.0003;CLS;2009CH25;52
1;99Nb;41;99;0;15 s;4.5;+;5.97;0.03;CLS;2009CH25;58
1;101Nb;41;101;0;7.1 s;2.5;+;3.19;0.002;CLS;2009CH25;60
1;103Nb;41;103;0;1.5 s;2.5;+;3.137;0.004;CLS;2009CH25;62
1;91Mo;42;91;0;15.5 m;4.5;+;-0.932;0.003;TLS;2009CH09;49
1;103Mo;42;103;0;67.5 s;1.5;+;-0.27;0.02;TLS;2009CH09;61
1;105Mo;42;105;0;35.6 s;2.5;-;-0.55;0.02;TLS;2009CH09;63
1;101Ag;47;101;0;11.4 m;4.5;+;5.627;0.011;CLS;1989DI12;54
1;103Ag;47;103;0;1.1 h;3.5;+;4.432;0.002;CLS;1989DI12;56
1;104Ag;47;104;0;69 m;5;+;3.919;0.003;CLS;1989DI12;57
1;105Ag;47;105;25;7.2 m;3.5;+;4.414;0.013;CLS;1989DI12;58
1;103Cd;48;103;0;7.3 m;2.5;+;-0.81;0.03;CLS;1987BU01;55
1;105Cd;48;105;0;55.5 m;2.5;+;-0.7393;0.0002;CLS;1987BU01;57
1;107Cd;48;107;0;6.5 h;2.5;+;-0.615055;0.000001;CLS;1987BU01;59
2;107Cd;48;107;0;6.5 h;2.5;+;-0.6151;0.0002;CLS;2013YO02;59
1;109Cd;48;109;0;461 d;2.5;+;-0.827846;0.000002;CLS;1987BU01;61
1;111Cd;48;111;396;48.6 m;5.5;-;-1.1052;0.0003;CLS;2013YO02;63
1;113Cd;48;113;0;8.00?1015 y;0.5;+;-0.6224;0.0002;CLS;2013YO02;65
1;113Cd;48;113;264;14.1 y;5.5;-;-1.0883;0.0003;CLS;2013YO02;65
1;115Cd;48;115;0;53.46 h;0.5;+;-0.6483;0.0002;CLS;2013YO02;67
1;117Cd;48;117;0;2.49 h;0.5;+;-0.7436;0.0002;CLS;2013YO02;69
1;117Cd;48;117;136;3.36 h;5.5;-;-0.9975;0.0004;CLS;2013YO02;69
1;119Cd;48;119;0;2.69 m;0.5;+;-0.9201;0.0002;CLS;2013YO02;71
1;119Cd;48;119;147;2.2 m;5.5;-;-0.9642;0.0003;CLS;2013YO02;71
1;121Cd;48;121;0;13.5 s;1.5;+;0.6269;0.0007;CLS;2013YO02;73
1;121Cd;48;121;215;8.3 s;5.5;-;-1.01;0.0004;CLS;2013YO02;73
1;123Cd;48;123;0;2.1 s;1.5;+;0.7896;0.0006;CLS;2013YO02;75
1;123Cd;48;123;317;1.82 s;5.5;-;-1.0015;0.0003;CLS;2013YO02;75
1;125Cd;48;125;0;0.68 s;1.5;+;0.8603;0.0006;CLS;2013YO02;77
1;125Cd;48;125;0.01;0.48 s;5.5;-;-0.9347;0.0002;CLS;2013YO02;77
1;127Cd;48;127;0;0.37 s;1.5;+;0.8783;0.0007;CLS;2013YO02;79
1;127Cd;48;127;0.01;-;5.5;-;-0.8702;0.0003;CLS;2013YO02;79
1;129Cd;48;129;0;146 ms;1.5;+;0.8481;0.0008;CLS;2013YO02;81
1;129Cd;48;129;0.01;154 ms;5.5;-;-0.7063;0.0005;CLS;2013YO02;81
1;104In;49;104;0;1.7 m;5;+;4.435;0.022;CFBLS;1987EB02;55
1;112In;49;112;157;20.9 m;4;+;5.227;0.004;CFBLS;1987EB02;63
1;116In;49;116;127;54.2 m;5;+;4.235;0.015;CFBLS;1987EB02;67
1;118In;49;118;60;4.45 m;5;+;4.231;0.009;CFBLS;1987EB02;69
1;118In;49;118;200;8.5 s;8;-;3.321;0.011;CFBLS;1987EB02;69
1;119In;49;119;0;2.4 m;4.5;+;5.515;0.01;CFBLS;1987EB02;70
1;119In;49;119;315;18 m;0.5;-;-0.319;0.005;CFBLS;1987EB02;70
1;120In;49;120;0;47.3 s;8;-;4.295;0.005;CFBLS;1987EB02;71
1;120In;49;120;70;46.2 s;5;+;3.692;0.004;CFBLS;1987EB02;71
1;121In;49;121;0;23.1 s;4.5;+;5.502;0.005;CFBLS;1987EB02;72
1;121In;49;121;314;3.8 m;0.5;-;-0.355;0.004;CFBLS;1987EB02;72
1;122In;49;122;40;10.3 s;5;+;4.318;0.005;CFBLS;1987EB02;73
1;122In;49;122;290;10.8 s;8;-;3.781;0.006;CFBLS;1987EB02;73
1;123In;49;123;0;6.68 s;4.5;+;5.491;0.007;CFBLS;1987EB02;74
1;123In;49;123;327;45.9 s;0.5;-;-0.4;0.004;CFBLS;1987EB02;74
1;124In;49;124;0;3.09 s;3;+;4.043;0.011;CFBLS;1987EB02;75
1;124In;49;124;50;3.7 s;8;-;3.888;0.009;CFBLS;1987EB02;75
1;125In;49;125;0;2.5 s;4.5;+;5.502;0.009;CFBLS;1987EB02;76
1;125In;49;125;360;12.2 s;0.5;-;-0.433;0.004;CFBLS;1987EB02;76
1;126In;49;126;0;1.53 s;3;+;4.034;0.011;CFBLS;1987EB02;77
1;126In;49;126;102;1.64 s;8;-;4.061;0.004;CFBLS;1987EB02;77
1;127In;49;127;0;1.22 s;4.5;+;5.522;0.008;CFBLS;1987EB02;78
1;109Sn;50;109;0;18 m;2.5;+;-1.079;0.006;CFBLS;1987EB01;59
1;109Sn;50;109;14;-;3.5;+;1.086;0.005;CFBLS;1987EB01;59
1;111Sn;50;111;0;35 m;3.5;+;0.608;0.004;CFBLS;1987EB01;61
2;111Sn;50;111;0;35 m;3.5;+;0.617;0.008;ABLFS;1986AN24;61
1;113Sn;50;113;0;115 d;0.5;+;-0.8791;0.0006;ABLFS;1986AN24;63
1;117Sn;50;117;315;13.6 d;5.5;-;-1.3955;0.001;ABLFS;1986AN24;67
1;121Sn;50;121;0;27.1 h;1.5;+;0.6978;0.001;ABLFS;1986AN24;71
1;121Sn;50;121;6.3;55 y;5.5;-;-1.3877;0.0009;ABLFS;1986AN24;71
1;123Sn;50;123;0;129 d;5.5;-;-1.37;0.0009;ABLFS;1986AN24;73
1;125Sn;50;125;0;9.62 d;5.5;-;-1.348;0.002;ABLFS;1986AN24;75
2;125Sn;50;125;0;9.62 d;5.5;-;-1.348;0.006;ABLFS;2005LE34;75
1;125Sn;50;125;28;9.5 m;1.5;+;0.764;0.003;ABLFS;2005LE34;75
1;127Sn;50;127;0;2.1 h;5.5;-;-1.329;0.007;ABLFS;2005LE34;77
1;127Sn;50;127;5;4.13 m;1.5;+;0.757;0.004;ABLFS;2005LE34;77
1;129Sn;50;129;0;2.23 m;1.5;+;0.754;0.006;ABLFS;2005LE34;79
1;129Sn;50;129;35;6.9 m;5.5;-;-1.297;0.005;ABLFS;2005LE34;79
1;130Sn;50;130;1947;1.7 m;7;-;-0.381;0.003;ABLFS;2005LE34;80
1;131Sn;50;131;0;56 s;1.5;+;0.747;0.004;ABLFS;2005LE34;81
1;131Sn;50;131;242;58.4 s;5.5;-;-1.276;0.005;ABLFS;2005LE34;81
1;125Te;52;125;145;57.4 d;5.5;-;-0.98;0.16;ABLFS;2005LE34;73
1;127Te;52;127;88;106.1 d;5.5;-;-1.05;0.12;ABLFS;2005LE34;75
1;129Te;52;129;106;33.5 d;5.5;-;-1.1;0.03;CLS;2006SI40;77
1;131Te;52;131;182;30 h;5.5;-;-1.2;0.14;CLS;2006SI40;79
1;133Te;52;133;0;12.5 m;1.5;+;0.85;0.02;CLS;2006SI40;81
1;133Te;52;133;334;55.4 m;5.5;-;-1.15;0.09;CLS;2006SI40;81
1;135Te;52;135;0;19 s;3.5;-;-0.69;0.05;CLS;2006SI40;83
1;117Xe;54;117;0;1.02 m;2.5;+;-0.5938;0.0015;CFBLS;1990NEZY;63
1;119Xe;54;119;0;5.8 m;2.5;+;-0.6542;0.0015;CFBLS;1990NEZY;65
1;121Xe;54;121;0;39 m;2.5;+;-0.701;0.003;CFBLS;1990NEZY;67
1;123Xe;54;123;0;2.00 h;0.5;+;-0.15;0.003;CFBLS;1990NEZY;69
1;125Xe;54;125;0;17.1 h;0.5;+;-0.269;0.003;CFBLS;1990NEZY;71
1;125Xe;54;125;253;57 s;4.5;-;-0.7453;0.0008;CFBLS;1990NEZY;71
1;127Xe;54;127;0;36.4 d;0.5;+;-0.5033;0.0011;CFBLS;1990NEZY;73
2;127Xe;54;127;0;36.4 d;0.5;+;-0.5039;0.0002;LRS;1989RA17;73
1;127Xe;54;127;297;1.15 m;4.5;-;-0.8844;0.001;CFBLS;1990NEZY;73
1;129Xe;54;129;236;8.89 d;5.5;-;-0.8906;0.0012;CFBLS;1990NEZY;75
1;131Xe;54;131;0;stable;1.5;+;0.6915;0.0002;CFBLS;1990NEZY;77
1;131Xe;54;131;164;11.8 d;5.5;-;-0.994;0.002;CFBLS;1990NEZY;77
1;133Xe;54;133;0;5.24 d;1.5;+;0.8129;0.0005;CFBLS;1990NEZY;79
2;133Xe;54;133;0;5.24 d;1.5;+;0.8125;0.0003;LRS;2013STZZ;79
1;133Xe;54;133;233;2.19 d;5.5;-;-1.0825;0.0013;CFBLS;1990NEZY;79
1;135Xe;54;135;0;9.1 h ;1.5;+;0.9032;0.0007;CFBLS;1990NEZY;81
1;135Xe;54;135;527;15.3 m;5.5;-;-1.1036;0.0014;CFBLS;1990NEZY;81
1;137Xe;54;137;0;3.82 m;3.5;-;-0.968;0.008;CFBLS;1989BO03;83
1;139Xe;54;139;0;39.7 s;1.5;-;-0.304;0.01;CFBLS;1989BO03;85
1;141Xe;54;141;0;1.73 s;2.5;+;0.01;0.004;CFBLS;1989BO03;87
1;143Xe;54;143;0;0.3 s;2.5;-;-0.4599;0.0014;CFBLS;1989BO03;89
1;118Cs;55;118;0;14 s;2;;3.876;0.005;ABLS;1987CO19;63
2;118Cs;55;118;0;14 s;2;;4.29;0.1;ABLS;1981TH06;63
1;119Cs;55;119;0;36 s;4.5;+;5.46;0.03;ABLS;1981TH06;64
1;119Cs;55;119;0.01;28 s;1.5;+;0.838;0.005;ABLS;1981TH06;64
1;120Cs;55;120;0;64 s;2;+;3.87;0.02;ABLS;1981TH06;65
1;121Cs;55;121;0;2.27 m;1.5;+;0.77;0.004;ABLS;1981TH06;66
1;121Cs;55;121;69;2.02 m;4.5;+;5.41;0.03;ABLS;1981TH06;66
1;122Cs;55;122;0;21 s;1;+;-0.1333;0.0009;ABLS;1981TH06;67
1;122Cs;55;122;140;4.2 m;8;-;4.77;0.02;ABLS;1981TH06;67
1;123Cs;55;123;0;5.8 m;0.5;+;1.377;0.007;ABLS;1981TH06;68
1;124Cs;55;124;0;30.8 s;1;+;0.673;0.003;ABLS;1981TH06;69
1;125Cs;55;125;0;45 m;0.5;+;1.409;0.007;ABLS;1981TH06;70
1;126Cs;55;126;0;1.64 m;1;+;0.777;0.004;ABLS;1981TH06;71
1;127Cs;55;127;0;6.2 h;0.5;+;1.459;0.007;ABLS;1981TH06;72
1;128Cs;55;128;0;3.62 m;1;+;0.974;0.005;ABLS;1981TH06;73
1;129Cs;55;129;0;32.3 h;0.5;+;1.491;0.008;ABLS;1981TH06;74
1;130Cs;55;130;0;29.21 m;1;+;1.46;0.007;ABLS;1981TH06;75
1;130Cs;55;130;163;3.46 m;5;-;0.629;0.004;ABLS;1981TH06;75
1;131Cs;55;131;0;9.69 d;2.5;+;3.53;0.02;ABLS;1981TH06;76
1;132Cs;55;132;0;6.48 d;2;+;2.23;0.01;ABLS;1981TH06;77
1;134Cs;55;134;0;2.06 y;4;+;2.99;0.02;ABLS;1981TH06;79
1;134Cs;55;134;139;2.9 h;8;-;1.111;0.006;ABLS;1981TH06;79
1;135Cs;55;135;0;2.3E+6 y;3.5;+;2.73;0.01;ABLS;1981TH06;80
1;135Cs;55;135;1633;53 m;9.5;-;2.18;0.01;ABLS;1981TH06;80
1;136Cs;55;136;0;13.04 d;5;+;3.71;0.02;ABLS;1981TH06;81
1;136Cs;55;136;518;17.5 s;8;-;1.319;0.007;ABLS;1981TH06;81
1;137Cs;55;137;0;30.17 y;3.5;+;2.838;0.007;CFBLS;1978SC27;82
2;137Cs;55;137;0;30.17 y;3.5;+;2.84;0.01;ABLS;1981TH06;82
1;138Cs;55;138;0;32.2 m;3;-;0.7;0.004;ABLS;1981TH06;83
2;138Cs;55;138;0;32.2 m;3;-;0.701;0.014;CFBLS;1979BO01;83
1;138Cs;55;138;80;2.9 m;6;-;1.713;0.009;ABLS;1981TH06;83
1;139Cs;55;139;0;9.4 m;3.5;+;2.696;0.004;CFBLS;1979BO01;84
2;139Cs;55;139;0;9.4 m;3.5;+;2.7;0.01;ABLS;1981TH06;84
1;140Cs;55;140;0;65 s;1;-;0.133895;0.00000005;ABLS;1986DU16;85
2;140Cs;55;140;0;65 s;1;-;0.134;0.001;ABLS;1981TH06;85
3;140Cs;55;140;0;65 s;1;-;0.134;0.003;CFBLS;1979BO01;85
1;141Cs;55;141;0;25.1 s;3.5;+;2.438;0.01;CFBLS;1979BO01;86
2;141Cs;55;141;0;25.1 s;3.5;+;2.41;0.01;ABLS;1981TH06;86
1;143Cs;55;143;0;1.78 s;1.5;+;0.87;0.004;ABLS;1981TH06;88
1;144Cs;55;144;0;0.994 s;1;-;-0.546;0.003;ABLS;1981TH06;89
1;145Cs;55;145;0;0.59 s;1.5;+;0.784;0.004;ABLS;1981TH06;90
1;146Cs;55;146;0;0.34 s;1;-;-0.515;0.002;ABLS;1987CO19;91
1;121Ba;56;121;0;29.7 s;2.5;+;0.66;0.001;CFBLS;1988WE14;65
1;123Ba;56;123;0;2.7 m;2.5;+;-0.68;0.001;CFBLS;1988WE14;67
2;123Ba;56;123;0;2.7 m;2.5;+;-0.687;0.018;CFBLS;1983MU12;67
1;125Ba;56;125;0;3.5 m;0.5;+;0.177;0.012;CFBLS;1983MU12;69
1;127Ba;56;127;0;12.7 m;0.5;+;0.089;0.012;CFBLS;1983MU12;71
2;127Ba;56;127;0;12.7 m;0.5;+;0.0834;0.001;CFBLS;1992DA06;71
1;127Ba;56;127;80;1.9 s;3.5;-;-0.7227;0.0005;CFBLS;1992DA06;71
1;130Ba;56;130;2475;9.4 ms;8;-;-0.04;0.03;CLS;2002MO31;74
1;131Ba;56;131;0;11.5 d;0.5;+;-0.709;0.016;CFBLS;1983MU12;75
1;131Ba;56;131;188;14.6 m;4.5;-;-0.87;0.02;CFBLS;1983MU12;75
1;133Ba;56;133;0;10.7 y;0.5;+;-0.777;0.014;CFBLS;1983MU12;77
1;133Ba;56;133;288;39 h;5.5;-;-0.91;0.051;CFBLS;1983MU12;77
1;135Ba;56;135;0;stable;1.5;+;0.837943;0.000017;CFBLS;1983MU12;79
1;135Ba;56;135;268;28.7 h;5.5;-;-1.001;0.015;CFBLS;1983MU12;79
1;137Ba;56;137;0;stable;1.5;+;0.937365;0.00002;CFBLS;1983MU12;81
1;137Ba;56;137;662;2.552 m;5.5;-;-0.992;0.026;CFBLS;1983MU12;81
1;139Ba;56;139;0;84.6 m;3.5;-;-0.973;0.005;CFBLS;1988WE07;83
2;139Ba;56;139;0;84.6 m;3.5;-;-0.975;0.017;CFBLS;1983MU12;83
1;141Ba;56;141;0;18.7 m;1.5;-;-0.337;0.005;CFBLS;1988WE07;85
2;141Ba;56;141;0;18.7 m;1.5;-;-0.346;0.016;CFBLS;1983MU12;85
1;143Ba;56;143;0;14.5 s;2.5;-;0.443;0.011;CFBLS;1988WE07;87
2;143Ba;56;143;0;14.5 s;2.5;-;0.454;0.02;CFBLS;1983MU12;87
1;145Ba;56;145;0;4.31 s;2.5;-;-0.285;0.007;CFBLS;1988WE07;89
2;145Ba;56;145;0;4.31 s;2.5;-;-0.27;0.04;CFBLS;1983MU12;89
1;135La;57;135;0;19.5 h;2.5;+;3.7;0.09;CFBLS;2003II03;78
1;137La;57;137;0;6E+4 y;3.5;+;2.7;0.015;CFBLS;2003II03;80
1;143Pr;59;143;0;13.57 d;3.5;+;2.701;0.004;CFBLS;1994II01;84
1;135Nd;60;135;0;12.4 m;4.5;-;-0.784;0.028;LRIMS;1992LE09;75
1;137Nd;60;137;0;38 m;0.5;+;-0.633;0.005;LRIMS;1992LE09;77
1;139Nd;60;139;0;30 m;1.5;+;0.907;0.007;LRIMS;1992LE09;79
1;141Nd;60;141;0;2.49 h;1.5;+;1.012;0.009;LRIMS;1992LE09;81
1;145Pm;61;145;0;17.7 y;2.5;+;3.8;0.16;CFBLS;1992AL03;84
1;139Sm;62;139;0;2.57 m;0.5;+;-0.534;0.018;LRIMS;1992LE09;77
1;141Sm;62;141;0;10.2 m;0.5;+;-0.738;0.024;LRIMS;1992LE09;79
1;141Sm;62;141;176;22.6 m;5.5;-;-0.836;0.02;LRIMS;1992LE09;79
1;143Sm;62;143;0;8.83 m;1.5;+;1.009;0.019;LRIMS;1992LE09;81
1;145Sm;62;145;0;340 d;3.5;-;-1.11;0.06;LRIMS;1992LE09;83
2;145Sm;62;145;0;340 d;3.5;-;-1.123;0.011;LRFS;1990EN01;83
1;147Sm;62;147;0;1.060E11 y;3.5;-;-0.8148;0.0007;LRFS;1990EN01;85
1;149Sm;62;149;0;stable;3.5;-;-0.6677;0.0011;LRFS;1990EN01;87
2;149Sm;62;149;0;stable;3.5;-;-0.6708;0.001;CFBLS;1985AL06;87
1;151Sm;62;151;0;90 y;2.5;-;-0.3611;0.0013;LRFS;1990EN01;89
2;151Sm;62;151;0;90 y;2.5;-;-0.363;0.002;CFBLS;1985AL06;89
3;151Sm;62;151;0;90 y;2.5;-;-0.368;0.003;CFBLS;1985DY01;89
4;151Sm;62;151;0;90 y;2.5;-;-0.363;0.0005;CFBLS;1981DO07;89
1;153Sm;62;153;0;46.8 h;1.5;+;-0.0209;0.0028;LRFS;1990EN01;91
2;153Sm;62;153;0;46.8 h;1.5;+;-0.0257;0.0014;ABLFS;1984EA02;91
1;140Eu;63;140;0;1.54 s;1;+;1.365;0.013;CFBLS;1985AH02;77
1;141Eu;63;141;0;40 s;2.5;+;3.494;0.008;CFBLS;1985AH02;78
1;142Eu;63;142;0;2.4 s;1;+;1.536;0.019;CFBLS;1985AH02;79
1;142Eu;63;142;180;73 s;8;-;2.978;0.011;CFBLS;1985AH02;79
1;143Eu;63;143;0;2.6 m;2.5;+;3.673;0.008;CFBLS;1985AH02;80
1;144Eu;63;144;0;10 s;1;+;1.893;0.013;CFBLS;1985AH02;81
1;145Eu;63;145;0;5.93 d;2.5;+;3.993;0.007;CFBLS;1985AH02;82
2;145Eu;63;145;0;5.93 d;2.5;+;3.999;0.003;CFBLS;1993HUZU;82
1;146Eu;63;146;0;4.59 d;4;-;1.428;0.008;CFBLS;1993HUZU;83
2;146Eu;63;146;0;4.59 d;4;-;1.425;0.011;CFBLS;1985AH02;83
1;147Eu;63;147;0;24.1 d;2.5;+;3.736;0.011;CFBLS;1993HUZU;84
2;147Eu;63;147;0;24.1 d;2.5;+;3.725;0.007;CFBLS;1986AL33;84
3;147Eu;63;147;0;24.1 d;2.5;+;3.724;0.008;CFBLS;1985AH02;84
1;148Eu;63;148;0;54.5 d;5;-;2.34;0.01;CFBLS;1985AH02;85
1;149Eu;63;149;0;93.1 d;2.5;+;3.565;0.006;CFBLS;1985AH02;86
2;149Eu;63;149;0;93.1 d;2.5;+;3.576;0.01;CFBLS;1986AL33;86
1;150Eu;63;150;0;36.9 y;5;-;2.708;0.011;CFBLS;1985AH02;87
1;152Eu;63;152;0;13.54 y;3;-;-1.9401;0.0008;CFBLS;1993HUZU;89
2;152Eu;63;152;0;13.54 y;3;-;-1.96;0.06;CFBLS;1985AH02;89
3;152Eu;63;152;0;13.54 y;3;-;-1.95;0.012;CFBLS;1986AL33;89
1;153Eu;63;153;0;stable;2.5;+;1.5324;0.0003;CFBLS;1993HUZU;90
2;153Eu;63;153;0;stable;2.5;+;1.538;0.013;CFBLS;1985AH02;90
3;153Eu;63;153;0;stable;2.5;+;1.56;0.04;CFBLS;1986AL33;90
1;154Eu;63;154;0;8.6 y;3;-;-2.02;0.05;CFBLS;1986AL33;91
1;155Eu;63;155;0;4.68 y;2.5;+;1.52;0.002;ABLFS;2000GA35;92
2;155Eu;63;155;0;4.68 y;2.5;+;1.52;0.02;CFBLS;1990AL34;92
3;155Eu;63;155;0;4.68 y;2.5;+;1.519;0.01;ABLFS;1986AL33;92
4;155Eu;63;155;0;4.68 y;2.5;+;1.56;0.1;CFBLS;1990AL34;92
1;157Eu;63;157;0;15.2 h;2.5;+;1.5;0.02;CFBLS;1990AL34;94
1;158Eu;63;158;0;45.9 m;1;-;1.44;0.02;CFBLS;1990AL34;95
1;159Eu;63;159;0;18.1 m;2.5;+;1.38;0.02;CFBLS;1990AL34;96
1;147Tb;65;147;0;1.7 h;0.5;+;1.7;0.05;CFBLS;1990AL36;82
1;148Tb;65;148;0;60 m;2;-;-1.75;0.02;CFBLS;1990AL36;83
1;149Tb;65;149;0;4.12 h;0.5;+;1.35;0.02;CFBLS;1990AL36;84
1;150Tb;65;150;0;3.48 h;2;-;-0.9;0.02;CFBLS;1990AL36;85
1;151Tb;65;151;0;17.6 h;0.5;+;0.919;0.006;CFBLS;1990AL36;86
1;152Tb;65;152;0;17.5 h;2;-;-0.58;0.02;CFBLS;1990AL36;87
1;153Tb;65;153;0;2.34 d;2.5;+;3.44;0.02;CFBLS;1990AL36;88
1;154Tb;65;154;0;9.4 h;3;-;1.6;0.2;CFBLS;1990AL36;89
1;155Tb;65;155;0;5.32 d;1.5;+;2.01;0.02;CFBLS;1990AL36;90
1;157Tb;65;157;0;99 y;1.5;+;2.01;0.02;CFBLS;1990AL36;92
1;147Dy;66;147;0;67 s;0.5;+;-0.915;0.009;CFBLS;1989RA17;81
1;147Dy;66;147;751;55.2 s;5.5;-;-0.655;0.01;CFBLS;1989RA17;81
1;149Dy;66;149;0;4.23 m;3.5;-;-0.119;0.007;CFBLS;1989RA17;83
1;151Dy;66;151;0;17 m;3.5;-;-0.945;0.007;CFBLS;1989RA17;85
1;153Dy;66;153;0;6.3 h;3.5;-;-0.782;0.006;CFBLS;1989RA17;87
1;155Dy;66;155;0;10.0 h;1.5;-;-0.385;0.004;CFBLS;1989RA17;89
1;157Dy;66;157;0;8.1 h;1.5;-;-0.301;0.002;CFBLS;1989RA17;91
1;159Dy;66;159;0;144 d;1.5;-;-0.354;0.003;CFBLS;1989RA17;93
1;152Ho;67;152;0;161.8 s;2;-;-1.02;0.02;LRIMS;1989AL27;85
1;152Ho;67;152;160;49.5 S;9;+;5.94;0.05;LRIMS;1989AL27;85
1;153Ho;67;153;0;2.0 m;5.5;-;6.81;0.05;LRIMS;1989AL27;86
1;153Ho;67;153;68;9.3 m;0.5;+;1.19;0.01;LRIMS;1989AL27;86
1;154Ho;67;154;0;11.76 m;2;-;-0.643;0.006;LRIMS;1989AL27;87
1;154Ho;67;154;320;3.1 m;8;+;5.65;0.06;LRIMS;1989AL27;87
1;155Ho;67;155;0;48 m;2.5;+;3.51;0.03;LRIMS;1989AL27;88
1;156Ho;67;156;0;56 m;4;-;2.99;0.03;LRIMS;1989AL27;89
1;157Ho;67;157;0;12.6 m;3.5;-;4.35;0.03;LRIMS;1989AL27;90
1;158Ho;67;158;0;11.3 m;5;+;3.77;0.03;LRIMS;1989AL27;91
1;158Ho;67;158;67.2;28 m;2;-;2.44;0.03;LRIMS;1989AL27;91
1;159Ho;67;159;0;35.05 m;3.5;-;4.28;0.03;LRIMS;1989AL27;92
1;160Ho;67;160;0;25.6 m;5;+;3.71;0.03;LRIMS;1989AL27;93
1;160Ho;67;160;60;5.02 h;2;-;2.52;0.03;LRIMS;1989AL27;93
1;161Ho;67;161;0;2.48 h;3.5;-;4.25;0.03;LRIMS;1989AL27;94
1;162Ho;67;162;106;67 m;6;-;3.6;0.04;LRIMS;1989AL27;95
1;163Ho;67;163;0;4570 y;3.5;-;4.23;0.04;LRIMS;1989AL27;96
1;153Er;68;153;0;37.1 s;3.5;-;-0.939;0.007;CFBLS;1987OTZW;85
1;155Er;68;155;0;5.3 m;3.5;-;-0.671;0.005;CFBLS;1987OTZW;87
1;157Er;68;157;0;25 m;1.5;-;-0.414;0.003;CFBLS;1987OTZW;89
1;159Er;68;159;0;36 m;1.5;-;-0.305;0.002;CFBLS;1987OTZW;91
1;161Er;68;161;0;3.21 h;1.5;-;-0.367;0.003;CFBLS;1987OTZW;93
1;163Er;68;163;0;75.1 m;2.5;-;0.56;0.004;CFBLS;1987OTZW;95
1;165Er;68;165;0;10.36 h;2.5;-;0.646;0.004;CFBLS;1987OTZW;97
1;153Tm;69;153;0;1.48 s;5.5;-;6.93;0.11;LRIS;2000BA16;84
1;154Tm;69;154;0;8.1 s;2;-;-1.14;0.02;LRIS;2000BA16;85
1;156Tm;69;156;0;1.3 m;2;-;0.4;0.03;LRIMS;1987ALZB;87
1;157Tm;69;157;0;3.6 m;0.5;+;0.475;0.015;LRIMS;1988AL04;88
1;158Tm;69;158;0;4.3 m;2;-;0.042;0.017;LRIMS;1988AL04;89
1;159Tm;69;159;0;9.0 m;2.5;+;3.408;0.034;LRIMS;1988AL04;90
1;160Tm;69;160;0;9.4 m;1;-;0.156;0.018;LRIMS;1988AL04;91
1;161Tm;69;161;0;38 m;3.5;+;2.39;0.02;LRIMS;1988AL04;92
1;162Tm;69;162;0;21 m;1;-;0.068;0.008;LRIMS;1988AL04;93
1;163Tm;69;163;0;1.8 h;0.5;+;-0.082;0.001;LRIMS;1988AL04;94
1;164Tm;69;164;0;2.0 m;1;+;2.37;0.03;LRIMS;1988AL04;95
1;165Tm;69;165;0;30 h;0.5;+;-0.139;0.002;LRIMS;1988AL04;96
1;166Tm;69;166;0;7.7 h;2;+;0.092;0.001;LRIMS;1988AL04;97
1;167Tm;69;167;0;9.2 d;0.5;+;-0.197;0.02;LRIMS;1988AL04;98
1;168Tm;69;168;0;85 d;3;+;0.226;0.011;LRIMS;1988AL04;99
1;170Tm;69;170;0;128.6 d;1;+;0.246;0.002;ABLS;1988DY02;101
2;170Tm;69;170;0;128.6 d;1;+;0.247;0.004;LRIMS;1988AL04;101
1;171Tm;69;171;0;1.9 y;0.5;+;-0.23;0.004;LRIMS;1988AL04;102
1;155Yb;70;155;0;1.59 s;3.5;-;-0.913;0.022;LRIS;1998BA08;85
2;155Yb;70;155;0;1.59 s;3.5;-;-0.913;0.022;LRIS;2000BA16;85
1;157Yb;70;157;0;38.6 s;3.5;-;-0.639;0.008;CFBLS;1992KU21;87
1;159Yb;70;159;0;1.58 m;2.5;-;-0.368;0.008;CFBLS;1992KU21;89
2;159Yb;70;159;0;1.58 m;2.5;-;-0.366;0.008;CFBLS;1983NE13;89
1;161Yb;70;161;0;4.2 m;1.5;-;-0.327;0.008;CFBLS;1983NE13;91
1;163Yb;70;163;0;11.0 m;1.5;-;-0.374;0.008;CFBLS;1983NE13;93
1;165Yb;70;165;0;9.9 m;2.5;-;0.478;0.008;CFBLS;1983NE13;95
1;167Yb;70;167;0;17.5 m;2.5;-;0.623;0.008;CFBLS;1983NE13;97
1;169Yb;70;169;0;32 d;3.5;+;-0.635;0.008;CFBLS;1983NE13;99
1;169Yb;70;169;24;46 s;0.5;-;0.507;0.008;CFBLS;1983NE13;99
1;173Yb;70;173;0;stable ;2.5;-;-0.648;0.003;CFBLS;1992KU21;103
1;175Yb;70;175;0;4.18 d;3.5;-;0.768;0.008;CFBLS;1992KU21;105
2;175Yb;70;175;0;4.18 d;3.5;-;0.766;0.015;CLS;2012FL05;105
1;176Yb;70;176;1050;11.4 s;8;-;-0.151;0.015;CLS;2007BI14;106
1;177Yb;70;177;0;1.91 h;4.5;+;-0.695;0.015;CLS;2012FL05;107
1;177Yb;70;177;331.5;6.41 s;0.5;-;0.151;0.015;CLS;2012FL05;107
1;161Lu;71;161;0;77 s;0.5;+;0.223;0.003;CFBLS;1998GE13;90
1;162Lu;71;162;0;1.37 m;1;-;0.0553;0.0011;CFBLS;1998GE13;91
1;163Lu;71;163;0;238 s;0.5;+;0.0769;0.001;CFBLS;1998GE13;92
1;164Lu;71;164;0;3.14 m;1;-;0.0591;0.0011;CFBLS;1998GE13;93
1;165Lu;71;165;0;10.74 m;0.5;+;-0.0245;0.0003;CFBLS;1998GE13;94
1;166Lu;71;166;0;2.65 m;6;-;2.912;0.012;CFBLS;1998GE13;95
1;166Lu;71;166;34;1.41 m;3;-;0.189;0.005;CFBLS;1998GE13;95
1;166Lu;71;166;43;2.12 m;0;-;0;0;CFBLS;1998GE13;95
1;167Lu;71;167;0;51.5 m;3.5;+;2.325;0.004;CFBLS;1998GE13;96
1;168Lu;71;168;0;5.5 m;6;-;3.016;0.025;CFBLS;1998GE13;97
1;168Lu;71;168;220;6.7 m;3;+;1.221;0.005;CFBLS;1998GE13;97
1;169Lu;71;169;0;34.1 h;3.5;+;2.295;0.004;CFBLS;1998GE13;98
1;169Lu;71;169;29;160 s;0.5;-;0.538;0.007;CFBLS;1998GE13;98
1;170Lu;71;170;0;2 d;0;+;0;0;CFBLS;1998GE13;99
1;171Lu;71;171;0;8.24 d;3.5;+;2.293;0.004;CFBLS;1998GE13;100
1;171Lu;71;171;71;79 s;0.5;-;0.585;0.007;CFBLS;1998GE13;100
1;172Lu;71;172;0;6.7 d;4;-;2.9;0.01;CFBLS;1998GE13;101
1;172Lu;71;172;42;3.7 m;1;-;1.98;0.04;CFBLS;1998GE13;101
1;173Lu;71;173;0;1.37 y;3.5;+;2.2805;0.0023;CFBLS;1998GE13;102
1;174Lu;71;174;0;3.3 y;1;-;1.988;0.005;CFBLS;1998GE13;103
1;174Lu;71;174;171;142 d;6;-;1.492;0.016;CFBLS;1998GE13;103
1;176Lu;71;176;0;3.76E+10 y;7;-;3.162;0.012;CFBLS;1998GE13;105
1;176Lu;71;176;127;3.68 h;1;-;0.311;0.007;CFBLS;1998GE13;105
1;177Lu;71;177;0;6.71 d;3.5;+;2.239;0.007;CFBLS;1998GE13;106
1;177Lu;71;177;970;160 d;11.5;-;2.308;0.011;CFBLS;1998GE13;106
1;178Lu;71;178;0;28.4 m;1;+;-1.377;0.009;CFBLS;1998GE13;107
1;178Lu;71;178;120;23.1 m;9;-;4.834;0.009;CFBLS;1998GE13;107
1;179Lu;71;179;0;4.59 h;3.5;+;2.375;0.012;CFBLS;1998GE13;108
1;171Hf;72;171;0;12.1 h;3.5;+;-0.674;0.012;CFBLS;2000YE02;99
1;171Hf;72;171;22;29.5 s;0.5;-;0.526;0.016;CFBLS;2000YE02;99
1;173Hf;72;173;0;23.6 h;0.5;-;0.502;0.007;CFBLS;1999LE11;101
1;175Hf;72;175;0;70 d;2.5;-;-0.677;0.009;LRS;2002NI12;103
2;175Hf;72;175;0;70 d;2.5;-;-0.62;0.03;LRS;1997JI02;103
1;178Hf;72;178;1147;4 s;8;-;3.1;0.01;CLS;2007BI14;106
1;178Hf;72;178;2446;31 y;16;+;8.16;0.04;CFBLS;1994BO15;106
1;179Ta;73;179;0;1.82 y;3.5;+;2.289;0.009;LRS;1996WA02;106
1;180Ta;73;180;77.1;7.15E15 y;9;-;4.825;0.011;LRS;1994WA34;107
2;180Ta;73;180;77.1;7.15E15 y;9;-;4.77;0.05;ABLFS;1980BU09;107
1;179Pt;78;179;0;21.2 s;0.5;-;0.431;0.032;LRIMS;1999LE52;101
1;181Pt;78;181;0;51 s;0.5;-;0.484;0.021;LRIMS;1999LE52;103
1;183Pt;78;183;0;6.5 m;0.5;-;0.502;0.005;LRIMS;1999LE52;105
2;183Pt;78;183;0;6.5 m;0.5;-;0.51;0.03;LRIMS;1990HI08;105
3;183Pt;78;183;0;6.5 m;0.5;-;0.521;0.027;LRIMS;1992HI07;105
1;183Pt;78;183;35;43 s;3.5;-;0.782;0.014;LRIMS;1999LE52;105
1;185Pt;78;185;0;70.9 m;4.5;+;-0.723;0.011;LRIMS;1999LE52;107
2;185Pt;78;185;0;70.9 m;4.5;+;-0.83;0.01;LRIMS;1989DU01;107
1;185Pt;78;185;103;33 m;0.5;-;0.503;0.005;LRIMS;1999LE52;107
2;185Pt;78;185;103;33 m;0.5;-;0.54;0.009;LRIMS;1992HI07;107
1;187Pt;78;187;0;2.35 h;1.5;-;-0.399;0.008;LRIMS;2000SAZZ;109
2;187Pt;78;187;0;2.35 h;1.5;-;-0.427;0.02;LRIMS;1992HI07;109
3;187Pt;78;187;0;2.35 h;1.5;-;-0.397;0.005;LRIMS;1989DU01;109
1;189Pt;78;189;0;10.9 h;1.5;-;-0.422;0.007;LRIMS;2000SAZZ;111
2;189Pt;78;189;0;10.9 h;1.5;-;-0.44;0.008;LRIMS;1992HI07;111
1;191Pt;78;191;0;2.9 d;1.5;-;-0.501;0.005;LRIMS;1989DU01;113
2;191Pt;78;191;0;2.9 d;1.5;-;-0.494;0.008;LRIMS;1992HI07;113
1;193Pt;78;193;0;50 y;0.5;-;0.603;0.008;LRIMS;1992HI07;115
1;195Pt;78;195;0;stable;0.5;-;0.60949;0.00006;LRIMS;1992HI07;117
1;183Au;79;183;0;42 s;2.5;-;1.972;0.023;LRIMS;1988KR18;104
1;184Au;79;184;0;20.6 s;5;+;2.07;0.02;LRIS;1997LE22;105
1;184Au;79;184;69;47.6 s;2;+;1.44;0.02;LRIS;1997LE22;105
1;185Au;79;185;0;4.2 m;2.5;-;2.17;0.017;LRIMS;1989WA11;106
2;185Au;79;185;0;4.2 m;2.5;-;1.98;0.02;LRIMS;1992KI30;106
1;186Au;79;186;0;10.7 m;3;-;-1.284;0.033;LRIMS;1990SA21;107
2;186Au;79;186;0;10.7 m;3;-;-1.263;0.029;LRIMS;1989WA11;107
1;187Au;79;187;0;8.4 m;0.5;+;0.535;0.015;LRIMS;1989WA11;108
2;187Au;79;187;0;8.4 m;0.5;+;0.531;0.012;LRIMS;1990SA21;108
1;188Au;79;188;0;8.8 m;1;-;-0.067;0.028;LRIMS;1989WA11;109
1;189Au;79;189;0;28.7;0.5;+;0.494;0.014;LRIMS;1989WA11;110
1;189Au;79;189;247;4.6 m;5.5;-;6.186;0.02;LRIMS;1989WA11;110
1;190Au;79;190;0;42.8 m;1;-;-0.065;0.007;LRIMS;1990SA21;111
2;190Au;79;190;0;42.8 m;1;-;-0.068;0.026;LRIMS;1989WA11;111
1;191Au;79;191;0;3.18 h;1.5;+;0.1369;0.0009;LRIMS;1994PA37;112
1;192Au;79;192;0;5 h;1;-;-0.0107;0.0015;LRIMS;1994PA37;113
2;192Au;79;192;0;5 h;1;-;-0.0076;0.0021;LRIMS;1990SA21;113
1;193Au;79;193;0;17.65 h;1.5;+;0.1396;0.0005;LRIMS;1994PA37;114
1;194Au;79;194;0;39.5 h;1;-;0.0763;0.0013;LRIMS;1994PA37;115
2;194Au;79;194;0;39.5 h;1;-;0.079;0.003;LRIMS;1990SA21;115
1;195Au;79;195;0;183 d;1.5;+;0.145;0.005;LRIMS;1990SA21;116
1;196Au;79;196;0;6.18 d;2;-;0.58;0.015;LRIMS;1990SA21;117
1;198Au;79;198;0;2.696 d;2;-;0.636;0.024;LRIMS;1990SA21;119
1;199Au;79;199;0;3.14 d;1.5;+;0.261;0.002;LRIMS;1990SA21;120
1;185Hg;80;185;99.3;27 s;6.5;+;-1.017;0.009;CLS;1986UL02;105
2;185Hg;80;185;99.3;27 s;6.5;+;-1.07;0.07;CLS;1979DA06;105
1;187Hg;80;187;0;2.4 m;6.5;+;-1.044;0.011;CLS;1979DA06;107
1;189Hg;80;189;0;8.6 m;6.5;+;-1.058;0.006;CLS;1979DA06;109
1;191Hg;80;191;140;50.8 m;6.5;+;-1.068;0.005;CLS;1979DA06;111
1;183Tl;81;183;0;6.9 s;0.5;+;1.618;0.037;LRIS;2013BA41;102
1;184Tl;81;184;0;unknown;2;-;0.316;0.098;LRIS;2013BA41;103
1;185Tl;81;185;0;19.5 s;0.5;+;1.608;0.038;LRIS;2013BA41;104
1;185Tl;81;185;455;1.93 s;4.5;-;3.78;0.21;LRIS;2013BA41;104
1;186Tl;81;186;374;2.9 s;10;-;2.568;0.061;LRIS;2013BA41;105
1;187Tl;81;187;0;51 s;0.5;+;1.55;0.06;CFBLS;1993SCZW;106
2;187Tl;81;187;0;51 s;0.5;+;3.79;0.02;CFBLS;1993SCZW;106
1;188Tl;81;188;0;71 s;7;+;0.483;0.008;CFBLS;1992ME07;107
1;189Tl;81;189;258;1.4 m;4.5;-;3.8776;0.0063;CFBLS;1987BO44;108
1;190Tl;81;190;0;2.6 m;2;-;0.254;0.002;CFBLS;1992ME07;109
2;190Tl;81;190;0;3.7 m;7;+;0.487;0.008;CFBLS;1992ME07;109
3;190Tl;81;190;0;3.7 m;7;+;0.4953;0.0036;CFBLS;1987BO44;109
1;191Tl;81;191;0;2.2 m;0.5;+;1.588;0.004;CFBLS;1992ME07;110
2;191Tl;81;191;0;5.22 m;4.5;-;3.88;0.007;CFBLS;1992ME07;110
3;191Tl;81;191;0;5.22 m;4.5;-;3.9034;0.0048;CFBLS;1987BO44;110
1;192Tl;81;192;0;9.6 m;2;-;0.2;0.003;CFBLS;1992ME07;111
2;192Tl;81;192;0;10.8 m;7;+;0.502;0.008;CFBLS;1992ME07;111
3;192Tl;81;192;0;10.8 m;7;+;0.518;0.004;CFBLS;1987BO44;111
1;193Tl;81;193;0;21.6 m;0.5;+;1.5912;0.0022;CFBLS;1987BO44;112
1;193Tl;81;193;365;2.11 m;4.5;-;3.9482;0.0039;CFBLS;1987BO44;112
1;194Tl;81;194;0;33 m;2;-;0.14;0.003;CFBLS;1992ME07;113
2;194Tl;81;194;0;32.8 m;7;+;0.53;0.008;CFBLS;1992ME07;113
3;194Tl;81;194;0;32.8 m;7;+;0.5397;0.0049;CFBLS;1987BO44;113
1;195Tl;81;195;265;3.6 s;4.5;-;3.898;0.039;LRIS;2013BA41;114
1;196Tl;81;196;0;1.84 h;2;-;0.072;0.003;CFBLS;1992ME07;115
1;196Tl;81;196;394;1.41 h;7;+;0.549;0.008;CFBLS;1992ME07;115
1;197Tl;81;197;216;0.54 s;4.5;-;4.062;0.057;LRIS;2013BA41;116
1;201Tl;81;201;0;73 h;0.5;+;1.6051;0.0017;CFBLS;1987BO44;120
1;203Tl;81;203;0;stable;0.5;+;1.6231;0.0013;CFBLS;1987BO44;122
1;207Tl;81;207;0;4.77 m;0.5;+;1.876;0.005;CFBLS;1985NE06;126
1;208Tl;81;208;0;3.05 m;5;+;0.292;0.013;LRSRD;1992LA03;127
1;183Pb;82;183;0;0.53 s;1.5;-;-1.158;0.005;LRIS;2009SE13;101
1;183Pb;82;183;97;0.41 s;6.5;+;-1.245;0.006;LRIS;2009SE13;101
1;185Pb;82;185;0;6.3 s;1.5;-;-1.141;0.005;LRIS;2009SE13;103
1;185Pb;82;185;0.01;4.3 s;6.5;+;-1.23;0.01;LRIS;2009SE13;103
1;187Pb;82;187;0;18.3 s;6.5;+;-1.21;0.005;LRIS;2009SE13;105
1;187Pb;82;187;33;15.2 s;1.5;-;-1.126;0.003;LRIS;2009SE13;105
1;189Pb;82;189;0;51 s;1.5;-;-1.081;0.009;LRIS;2009SE13;107
1;189Pb;82;189;40;39 s;6.5;+;-1.19;0.01;LRIS;2009SE13;107
1;191Pb;82;191;138;2.18 m;6.5;+;-1.172;0.007;CFBLS;1991DU07;109
1;193Pb;82;193;100;5.8 m;6.5;+;-1.15;0.007;CFBLS;1991DU07;111
1;195Pb;82;195;203;15 m;6.5;+;-1.128;0.007;CFBLS;1991DU07;113
2;195Pb;82;195;203;15 m;6.5;+;-1.1318;0.0013;CFBLS;1987DI06;113
1;197Pb;82;197;0;8 m;1.5;-;-1.0753;0.0022;ABLFS;1986AN06;115
1;197Pb;82;197;319;43 m;6.5;+;-1.098;0.011;CFBLS;1991DU07;115
2;197Pb;82;197;319;43 m;6.5;+;-1.1045;0.0027;ABLFS;1986AN06;115
1;199Pb;82;199;0;1.5 h;1.5;-;-1.0742;0.0012;ABLFS;1986AN06;117
1;201Pb;82;201;0;9.33 h;2.5;-;0.6753;0.0005;ABLFS;1986AN06;119
1;202Pb;82;202;2170;3.62 h;9;-;-0.2276;0.0007;ABLFS;1986AN06;120
1;203Pb;82;203;0;51.9 h;2.5;-;0.6864;0.0005;ABLFS;1986AN06;121
1;205Pb;82;205;0;1.73E+7 y;2.5;-;0.7117;0.0004;ABLFS;1986AN06;123
1;207Pb;82;207;0;stable;0.5;-;0.59258;0.00012;CFBLS;1987DI06;125
1;209Pb;82;209;0;3.25 h;4.5;+;-1.4735;0.0016;ABLFS;1986AN06;127
1;211Pb;82;211;0;36.1 m;4.5;+;-1.4037;0.0008;ABLFS;1986AN06;129
1;202Bi;83;202;0;1.71 h;5;+;4.259;0.014;LRFS;1996CA02;119
1;203Bi;83;203;0;11.8 h;4.5;-;4.017;0.013;LRFS;1996CA02;120
1;204Bi;83;204;0;11.22 h;6;+;4.322;0.015;LRFS;1996CA02;121
1;205Bi;83;205;0;15.3 d;4.5;-;4.065;0.007;LRFS;1997KI15;122
1;206Bi;83;206;0;6.243 d;6;+;4.361;0.008;LRFS;1997KI15;123
1;207Bi;83;207;0;32.2 y;4.5;-;4.0915;0.0009;LRFS;2000PE30;124
1;208Bi;83;208;0;3.68E+5 y;5;+;4.578;0.013;LRFS;2000PE30;125
2;208Bi;83;208;0;3.68E+5 y;5;+;4.633;0.01;LRFS;1997KI15;125
1;210Bi;83;210;271;3.04E+6 y;9;-;2.728;0.042;LRFS;1997KI15;127
1;212Bi;83;212;0;60.6 m;1;-;0.321;0.038;LRFS;1997KI15;129
1;213Bi;83;213;0;45.6 m;4.5;-;3.716;0.007;LRFS;1997KI15;130
1;203Rn;86;203;361;28 s;6.5;+;-0.96;0.011;CFBLS;1987BO29;117
1;205Rn;86;205;0;2.83 m;2.5;-;0.802;0.009;CFBLS;1987BO29;119
1;207Rn;86;207;0;9.3 m;2.5;-;0.816;0.009;CFBLS;1987BO29;121
1;211Rn;86;211;0;14.6 h;0.5;-;0.601;0.007;CFBLS;1988KI03;125
1;221Rn;86;221;0;25 m;3.5;+;-0.02;0.001;CFBLS;1988KI03;135
1;223Rn;86;223;0;23.2 m;3.5;;-0.776;0.008;CFBLS;1988KI03;137
1;225Rn;86;225;0;4.5 m;3.5;-;-0.696;0.008;CFBLS;1988KI03;139
1;202Fr;87;202;0;0.3 s;3;+;3.9;0.05;CRIS;2014LY01;115
1;202Fr;87;202;0.01;0.29 s;10;-;2.34;0.04;CRIS;2014LY01;115
1;203Fr;87;203;0;0.55 s;4.5;-;3.73;0.04;CRIS;2014LY01;116
1;204Fr;87;204;0;1.9 s;3;+;3.99;0.03;CLS;2015VO05;117
2;204Fr;87;204;0;1.9 s;3;+;3.95;0.05;CRIS;2014LY01;117
3;204Fr;87;204;0;1.9 s;3;+;4.02;0.06;CLS;2013VO10;117
1;204Fr;87;204;41;1.6 s;7;+;4.62;0.04;CLS;2015VO05;117
2;204Fr;87;204;41;1.6 s;7;+;4.57;0.06;CRIS;2014LY01;117
1;204Fr;87;204;316;0.8 s;10;-;2.34;0.02;CLS;2015VO05;117
2;204Fr;87;204;316;0.8 s;10;-;2.35;0.04;CRIS;2014LY01;117
1;205Fr;87;205;0;3.92 s;4.5;-;3.8;0.03;CLS;2015VO05;118
2;205Fr;87;205;0;3.92 s;4.5;-;3.83;0.05;CRIS;2014LY01;118
3;205Fr;87;205;0;3.92 s;4.5;-;3.83;0.05;CRIS;2013FL09;118
4;205Fr;87;205;0;3.92 s;4.5;-;3.81;0.05;CLS;2013VO10;118
1;206Fr;87;206;0;16 s;3;+;3.97;0.05;CRIS;2016LY01;119
2;206Fr;87;206;0;16 s;3;+;3.91;0.03;CLS;2015VO05;119
3;206Fr;87;206;0;16 s;3;+;3.99;0.05;CRIS;2014LY01;119
4;206Fr;87;206;0;16 s;3;+;3.97;0.06;CLS;2013VO10;119
1;206Fr;87;206;0.01;16 s;7;+;4.7;0.05;CRIS;2016LY01;119
2;206Fr;87;206;0.01;16 s;7;+;4.68;0.04;CLS;2015VO05;119
3;206Fr;87;206;0.01;16 s;7;+;4.69;0.06;CRIS;2014LY01;119
1;206Fr;87;206;531;0.7 s;10;-;2.45;0.03;CRIS;2016LY01;119
2;206Fr;87;206;531;0.7 s;10;-;2.44;0.02;CLS;2015VO05;119
3;206Fr;87;206;531;0.7 s;10;-;3.55;0.05;CRIS;2014LY01;119
1;207Fr;87;207;0;14.8 s;4.5;-;3.87;0.05;CRIS;2014LY01;120
2;207Fr;87;207;0;14.8 s;4.5;-;3.89;0.08;ABLS;1985CO24;120
1;208Fr;87;208;0;59.1 s;7;+;4.71;0.04;CLS;2015VO05;121
2;208Fr;87;208;0;59.1 s;7;+;4.7;0.1;CLS;2013VO10;121
3;208Fr;87;208;0;59.1 s;7;+;4.75;0.1;ABLS;1985CO24;121
1;209Fr;87;209;0;50 s;4.5;-;3.95;0.02;ABLS;1985CO24;122
1;210Fr;87;210;0;3.2 m;6;+;4.38;0.05;TLS;2008GO11;123
2;210Fr;87;210;0;3.2 m;6;+;4.4;0.09;ABLS;1985CO24;123
1;211Fr;87;211;0;3.1 m;4.5;-;3.97;0.05;CRIS;2014LY01;124
1;212Fr;87;212;0;19.3 m;5;+;4.62;0.09;ABLS;1985CO24;125
1;213Fr;87;213;0;34.7 s;4.5;-;4.02;0.01;ABLS;1985CO24;126
1;219Fr;87;219;0;20 ms;1;+;3.13;0.04;BBCLS;2015DE28;132
1;220Fr;87;220;0;27.4 s;1;+;-0.67;0.01;ABLS;1985CO24;133
2;220Fr;87;220;0;27.4 s;1;+;-0.66;0.01;CRIS;2014LY01;133
1;221Fr;87;221;0;4.8 m;2.5;-;1.58;0.03;ABLS;1985CO24;134
2;221Fr;87;221;0;4.8 m;2.5;-;1.57;0.02;CRIS;2014LY01;134
1;222Fr;87;222;0;14.2 m;2;-;0.63;0.01;ABLS;1985CO24;135
1;223Fr;87;223;0;21.8 m;1.5;-;1.17;0.02;ABLS;1985CO24;136
1;224Fr;87;224;0;3.3 m;1;-;0.4;0.01;ABLS;1985CO24;137
1;225Fr;87;225;0;3.9 m;1.5;-;1.07;0.02;ABLS;1985CO24;138
1;226Fr;87;226;0;48 s;1;-;0.0712;0.0014;ABLS;1986DU16;139
2;226Fr;87;226;0;48 s;1;-;0.071;0.002;ABLS;1985CO24;139
1;227Fr;87;227;0;2.4 m;0.5;+;1.5;0.03;ABLS;1985CO24;140
1;228Fr;87;228;0;39 s;2;-;-0.76;0.02;ABLS;1985CO24;141
1;213Ra;88;213;0;2.7 m;0.5;-;0.6133;0.0018;CFBLS;1987AR20;125
1;225Ra;88;225;0;14.8 d;0.5;-;-0.7338;0.0015;CFBLS;1987AR20;137
1;235U;92;235;0;7.04E+8 y;3.5;-;-0.38;0.03;CFBLS;1983NI08;143
2;235U;92;235;0;7.04E+8 y;3.5;-;-0.46;0.03;ABLDF;1979Ch43;143
1;241Am;95;241;0;432.7 y;2.5;-;1.58;0.01;ABLS;1990IZ01;146
1;242Am;95;242;49;152 y;5;-;0.97;0.05;ABLFS;1988BE30;147
1;242Am;95;242;2200;14 ms;2.3;+;-1.14;0.08;LRSRD;1996BA52;147
1;243Am;95;243;0;7370 y;2.5;-;1.503;0.014;ABLS;1990IZ01;148
